name,return-text,geography,icon
Route 1,requesting Route 1,&path=color:0xEF1731ff|weight:5|enc:sbzlFbaavMzPquEduCm{BfsDeuCbeAqwDhaCihCzhDsgC}iBwhEc{@abDadC}}@{xBs}Be|BvI{vCs}BocFs{C,
Route 2,requesting Route 2,&path=color:0xFD8E0Bff|weight:5|enc:m`hlFfxytMvm@qnBp|A_N~}B{cBb]ytAxw@}x@,
clockwise,clockwise,"&markers=icon:https://i.imgur.com/3mv1yGE.png|38.981267,-76.858641",
counter-clockwise,counter-clockwise,"&markers=icon:https://i.imgur.com/NcFXeSv.png|38.981267,-76.858641",
counter clockwise,counter-clockwise,"&markers=icon:https://i.imgur.com/NcFXeSv.png|38.981267,-76.858641",
counterclockwise,counter-clockwise,"&markers=icon:https://i.imgur.com/NcFXeSv.png|38.981267,-76.858641",
Route 3 counter clockwise,requesting Route 3 CCW,"&path=color:0xffff00ff|weight:7|enc:cpdlFlbivMnhHpGjwBgzG{aAi}LvY{wFbg@ujDuuB_jL{|@axG`NguCo_@cyAo~S`]{eD{{D{hE`sCmbDhwC_b@lfDjVd|FhB`iGjVjmGht@xv@iBflAaoAl{Btm@fxHv{Cja@j`@~tBbcBzZ~\b{@tkGhfD|bCuXn~@vg@|gCiC&markers=icon:https://i.imgur.com/NcFXeSv.png|38.981267,-76.858641",
Route 3 counter-clockwise,requesting Route 3 CCW,"&path=color:0xffff00ff|weight:7|enc:cpdlFlbivMnhHpGjwBgzG{aAi}LvY{wFbg@ujDuuB_jL{|@axG`NguCo_@cyAo~S`]{eD{{D{hE`sCmbDhwC_b@lfDjVd|FhB`iGjVjmGht@xv@iBflAaoAl{Btm@fxHv{Cja@j`@~tBbcBzZ~\b{@tkGhfD|bCuXn~@vg@|gCiC&markers=icon:https://i.imgur.com/NcFXeSv.png|38.981267,-76.858641",
Route 3 counterclockwise,requesting Route 3 CCW,"&path=color:0xffff00ff|weight:7|enc:cpdlFlbivMnhHpGjwBgzG{aAi}LvY{wFbg@ujDuuB_jL{|@axG`NguCo_@cyAo~S`]{eD{{D{hE`sCmbDhwC_b@lfDjVd|FhB`iGjVjmGht@xv@iBflAaoAl{Btm@fxHv{Cja@j`@~tBbcBzZ~\b{@tkGhfD|bCuXn~@vg@|gCiC&markers=icon:https://i.imgur.com/NcFXeSv.png|38.981267,-76.858641",
Route 3 clockwise,requesting Route 3 CW,"&path=color:0xffff00ff|weight:7|enc:cpdlFlbivMnhHpGjwBgzG{aAi}LvY{wFbg@ujDuuB_jL{|@axG`NguCo_@cyAo~S`]{eD{{D{hE`sCmbDhwC_b@lfDjVd|FhB`iGjVjmGht@xv@iBflAaoAl{Btm@fxHv{Cja@j`@~tBbcBzZ~\b{@tkGhfD|bCuXn~@vg@|gCiC&markers=icon:https://i.imgur.com/3mv1yGE.png|38.981267,-76.858641",
Route 3,requesting Route 3,&path=color:0xffff00ff|weight:7|enc:cpdlFlbivMnhHpGjwBgzG{aAi}LvY{wFbg@ujDuuB_jL{|@axG`NguCo_@cyAo~S`]{eD{{D{hE`sCmbDhwC_b@lfDjVd|FhB`iGjVjmGht@xv@iBflAaoAl{Btm@fxHv{Cja@j`@~tBbcBzZ~\b{@tkGhfD|bCuXn~@vg@|gCiC,
Route 4,requesting Route 4,"&path=color:0x76FD0Bff|weight:5|38.856519,-77.023314|38.718792,-77.037927",
Route 5,requesting Route 5,&path=color:0x0B44FDff|weight:5|enc:gmwkFfj`vMukBw_C{aAeuCo_AcdBeq@abDijC{vB,
Route 6,requesting Route 6,&path=color:0x0BD9FDff|weight:5|enc:yeflFfgjuM`zAolH|oEsfQ,
Route 7,requesting Route 7,&path=color:0xC70BFDff|weight:5|enc:kvblFbhfuMjBvxE|zA|aCkzC|dHyqAp`A_tEx_IwYf}@icGhjYto@bxPolMtu`@,
Route 12,requesting Route 12,&path=color:grey|weight:5|iudmFv_ttM_`FwnCu^cyAkxPspMclLqgV{aDemF,
Zone 1,requesting Zone 1,&path=fillcolor:0xEF173133|color:0xEF173133|weight:1|enc:mrplFh_juMvxCwrPnf@lv@jw@tyAs@d|A`q@pz@sx@lj@w_@r_BiEzbA_j@|Z_r@tAq~A~oAa]Ps@{g@,
Zone 2,requesting Zone 2,&path=fillcolor:0xFD8E0B33|color:0xFD8E0B33|weight:1|enc:wuplFptiuM`|C_hPsXup@qoAum@uY_gA}lCmqCyuIafEwmChdDtVd}[ll@xg@lF|nAa{A|iCho@nvGxtDjr@zsA_{Ap{DcwB|jDcbDlo@euCr@scAyuAdn@uT}x@,
Zone 3,requesting Zone 3,&path=fillcolor:0xFFFF0066|color:0xFFFF0033|weight:1|enc:wztkF`{|tM_jPdP}sBc`EslD__BqdC}gAwhKgzGxmEkfDplDthE~sNppAvcGnT`gEgpBjVpjO,
Zone 4,requesting Zone 4,&path=fillcolor:0x76FD0B33|color:0x76FD0B33|weight:1|enc:khblFpw~tMzkAja@`~B~\`tBrGvOlbFu|HdPuxCeP??,
Zone 5,requesting Zone 5,&path=fillcolor:0x0B44FD33|color:0x0B44FD33|weight:1|enc:iselFnujuMz`LtcAx_KbgHw~GpjOu}D|gAo{LrGqaHucAshFy{Djg@_mEbwBw_Cf_Dw_Cz_BkfD,
Zone 6,requesting Zone 6,&path=fillcolor:0x0BD9FD33|color:0x0BD9FD33|weight:1|enc:ctylF`navMk|AhtJy{Cj_A_aCor@knCfaKtnR~zKzzPhjBbzK_sAeg@s`_@ohFth@wkHvX{dHglA{oD_dC,
Zone 7,requesting Zone 7,&path=fillcolor:0xC70BFD33|color:0xC70BFD33|weight:1|enc:crzlFxiavMcjDnjLmlDen@_sDhvIsiB_wXqsBikSh`@gmRpdEkuVvkKfzGweDb`E?|yGjLvtLtOdlE~f@ja@tEnpAaeArnB~R|sHz_Gz~A,
split the ps,requesting 'split the ps' between prohibited zones,"&path=color:0x757575ff|weight:5|38.904793064,-77.068467308|38.9171201094,-77.0353911538",
split the p's,requesting 'split the ps' between prohibited zones,"&path=color:0x757575ff|weight:5|38.904793064,-77.068467308|38.9171201094,-77.0353911538",
Memorial,at Memorial bridge,"&markers=color:0xEF1731ff|38.887295,-77.055610",
Andrews,to/from Andrews AFB,"&markers=color:0xFD8E0Bff|38.811225,-76.868981",
Anacostia,to/from JB Bolling (Anacostia),"&markers=color:0xffff00ff|38.847203,-77.009728",
Bolling,to/from JB Bolling (Anacostia),"&markers=color:0xffff00ff|38.847203,-77.009728",
JB Bolling,to/from JB Bolling (Anacostia),"&markers=color:0xffff00ff|38.847203,-77.009728",
South Cap,South Capitol St Heliport (MPDC),"&markers=color:0x76FD0Bff|38.868599,-77.008398",
South Capitol,South Capitol St Heliport (MPDC),"&markers=color:0x76FD0Bff|38.868599,-77.008398",
Pentagon,to Pentagon,"&markers=color:0x0B44FDff|38.874901,-77.056644",
pentagon transition,Pentagon transition,&path=color:0x757575ff|weight:5|enc:mhflFb|juM}sBen@,
pentagon transit,Pentagon transition,&path=color:0x757575ff|weight:5|enc:mhflFb|juM}sBen@,
pentagon transfer,Pentagon transition,&path=color:0x757575ff|weight:5|enc:mhflFb|juM}sBen@,
Tidal Basin,Tidal Basin,"&markers=color:0x0BD9FDff|38.884314,-77.039771",
14th Street,at 14th St Bridge,"&markers=color:0x0BD9FDff|38.876044,-77.041595",
14th st,at 14th St Bridge,"&markers=color:0x0BD9FDff|38.876044,-77.041595",
Wilson Bridge,at Wilson bridge,"&markers=color:0xC70BFD33|38.792758,-77.029948",
Wilson,at Wilson bridge,"&markers=color:0xC70BFD33|38.792758,-77.029948",
Key Bridge,at Key Bridge,"&markers=color:0x757575ff|38.9023799,-77.0699128",
Chain Bridge,at Chain bridge,"&markers=color:0x757575ff|38.929221,-77.114287",
TR Bridge,Roosevelt (TR) Bridge,"&markers=color:0x757575ff|38.8922897,-77.0619731",
DCA,Washington National Airport,"&markers=color:0x757575ff|38.857385,-77.039970",
boardwalk,Coast Guard Station DCA (Boardwalk),"&markers=color:0x757575ff|38.846454, -77.044609",
Dulles,Washington Dulles Internation Airport,"&markers=color:0x757575ff|38.946352,-77.469059",
IAD,Washington Dulles International Airport,"&markers=color:0x757575ff|38.946352,-77.469059",
Tipton,Tipton Airfield,"&markers=color:0x757575ff|39.086642,-76.758483",
wood's corner,Wood's Corner MD,"&markers=color:0x757575ff|38.8349906,-76.9292743",
woods corner,Wood's Corner MD,"&markers=color:0x757575ff|38.8349906,-76.9292743",
west corner,West Corner Boundary Stone (assumed),"&markers=color:0x757575ff|38.8932906,-77.1722335",
college park, CGS College Park Airport,"&markers=color:0x757575ff|38.9795446,-76.9227324",
Glebe,at Glebe Rd (Shirlington),"&markers=color:0x757575ff|38.842360,-77.081439",
Tysons,at/to Tyson's Corner,"&markers=color:0x757575ff|38.921050,-77.212555",
Cabin John,at/to Cabin John,"&markers=color:0x757575ff|38.971586,-77.162646",
Great Falls,at/to Great Falls,"&markers=color:0x757575ff|39.000481,-77.253681",
Greenbelt,at/to Greenbelt,"&markers=color:0x757575ff|38.996785,-76.881458",
Eagle's Nest,at/to The Eagle's Nest,"&markers=color:0x757575ff|38.866776,-76.994477",
Eagles Nest,at/to The Eagle's Nest,"&markers=color:0x757575ff|38.866776,-76.994477",
The Nest,at/to The Eagle's Nest,"&markers=color:0x757575ff|38.866776,-76.994477",
Davidson,to Davison Field (Fort Belvoir),"&markers=color:0x757575ff|38.714285,-77.180762",
Davison,to Davison Field (Fort Belvoir),"&markers=color:0x757575ff|38.714285,-77.180762",
Laurel,to/from Laurel MD,"&markers=color:0x757575ff|39.097106,-76.850873",
Manassas,HEF Manassas Regional Airport,"&markers=color:0x757575ff|38.7257101,-77.5143278",
Fort mcnair,to Fort McNair,"&markers=color:0x757575ff|38.8682861,-77.0226419",
fort washington, to Fort Washington,"&markers=color:0x757575ff|38.704794,-77.025003",
RFK,at/to RFK stadium,"&markers=color:0x757575ff|38.889392,-76.971902",
DC Armory,at/to DC Armory,"&markers=color:0x757575ff|38.887915,-76.976063",
Armory,at/to DC Armory,"&markers=color:0x757575ff|38.887915,-76.976063",
Walter Reed,Walter Reed,"&markers=color:0x757575ff|39.001835,-77.094701",
doctors,Doctors Hospital Lanham MD,"&markers=color:0x757575ff|38.9819328,-76.8643603",
fairfax hospital,Fairfax Hospital,"&markers=color:0x757575ff|38.8572185,-77.2278921",
fairfax,Fairfax Hospital,"&markers=color:0x757575ff|38.8572185,-77.2278921",
INOVA fairfax,Fairfax Hospital,"&markers=color:0x757575ff|38.8572185,-77.2278921",
INOVA fairfax hospital,Fairfax Hospital,"&markers=color:0x757575ff|38.8572185,-77.2278921",
medstar,Medstar Washington Hospital Center,"&markers=color:0x757575ff|38.9287881,-77.0143272",
georgetown,Medstar Georgetown University Hospital,"&markers=color:0x757575ff|38.9105064,-77.0798185",
pg county,Prince George's County Hospital Center,"&markers=color:0x757575ff|38.9306542,-76.9559348",
montgomery general,Montgomery General Hospital,"&markers=color:0x757575ff|39.153756,-77.0547649",
alexandria,INOVA Alexandria Hospital,"&markers=color:0x757575ff|38.8224707,-77.1049143",
hospital center, Medstar Washington Hospital Center,"&markers=color:0x757575ff|38.928488,-77.015518",
Washington Hospital Center, Medstar Washington Hospital Center,"&markers=color:0x757575ff|38.928488,-77.015518",
gw,George Washington University Hospital,"&markers=color:0x757575ff|38.900948, -77.050297",
george washington,George Washington University Hospital,"&markers=color:0x757575ff|38.900948, -77.050297",
george washington hospital,George Washington University Hospital,"&markers=color:0x757575ff|38.900948, -77.050297",
gw hopsital,George Washington University Hospital,"&markers=color:0x757575ff|38.900948, -77.050297",
childrens, Children's National Hospital,"&markers=color:0x757575ff|38.928488,-77.015518",
Children's, Children's National Hospital,"&markers=color:0x757575ff|38.928488,-77.015518",
Children's hospital, Children's National Hospital,"&markers=color:0x757575ff|38.928488,-77.015518",
Children's national, Children's National Hospital,"&markers=color:0x757575ff|38.928488,-77.015518",
DC Children's, Children's National Hospital,"&markers=color:0x757575ff|38.928488,-77.015518",
Arlington Cemetery,Arlington Cemetery,"&markers=color:0x757575ff|38.8807359,-77.071591",
medevac, on a MEDEVAC mission,,
potomac,Potomac Airfield (likely Potomac tower handoff),"&markers=icon:http://s94755596.onlinehome.us/helicoptericons/radio_icon32.png|38.7477189,-76.9599437",
springfield,Springfield,"&markers=color:0x757575ff|38.788919,-77.174748",
the knob,Naval Observatory,"&markers=color:0x757575ff|38.9213432,-77.0690875",
the nob,Naval Observatory,"&markers=color:0x757575ff|38.9213432,-77.0690875",
P56 Bravo,Naval Observatory,"&markers=color:0x757575ff|38.9213432,-77.0690875",
P-56 Bravo,Naval Observatory,"&markers=color:0x757575ff|38.9213432,-77.0690875",
P-56b,Naval Observatory,"&markers=color:0x757575ff|38.9213432,-77.0690875",
P56b,Naval Observatory,"&markers=color:0x757575ff|38.9213432,-77.0690875",
P56-b,Naval Observatory,"&markers=color:0x757575ff|38.9213432,-77.0690875",
Naval Observatory,Naval Observatory,"&markers=color:0x757575ff|38.9213432,-77.0690875",
Hains Point,Hains Point,"&markers=color:0x757575ff|38.860578, -77.022915",
P56 alpha,White House/Mall,"&markers=color:0x757575ff|38.8977,-77.0365",
P-56a,White House/Mall,"&markers=color:0x757575ff|38.8977,-77.0365",
P-56 alpha,White House/Mall,"&markers=color:0x757575ff|38.8977,-77.0365",
P56a,White House/Mall,"&markers=color:0x757575ff|38.8977,-77.0365",
P56-a,White House/Mall,"&markers=color:0x757575ff|38.8977,-77.0365",
Quantico,to FBI/Marine base Quantico,,
Chopper 1,News Helicopter,,
Chopper one,News Helicopter,,
News 1,News Helicopter,,
MUSEL,Air Force 1st Helicopter Squadron,,musel.png
MUSEL 01,Air Force 1st Helicopter Squadron,,musel.png
MUSEL 02,Air Force 1st Helicopter Squadron,,musel.png
MUSEL 03,Air Force 1st Helicopter Squadron,,musel.png
MUSEL 04,Air Force 1st Helicopter Squadron,,musel.png
MUSEL 05,Air Force 1st Helicopter Squadron,,musel.png
MUSEL 06,Air Force 1st Helicopter Squadron,,musel.png
MUSEL 07,Air Force 1st Helicopter Squadron,,musel.png
MUSEL 08,Air Force 1st Helicopter Squadron,,musel.png
MUSEL 09,Air Force 1st Helicopter Squadron,,musel.png
MUSEL 1,Air Force 1st Helicopter Squadron,,musel.png
MUSEL 2,Air Force 1st Helicopter Squadron,,musel.png
MUSEL 3,Air Force 1st Helicopter Squadron,,musel.png
MUSEL 4,Air Force 1st Helicopter Squadron,,musel.png
MUSEL 5,Air Force 1st Helicopter Squadron,,musel.png
MUSEL 6,Air Force 1st Helicopter Squadron,,musel.png
MUSEL 7,Air Force 1st Helicopter Squadron,,musel.png
MUSEL 8,Air Force 1st Helicopter Squadron,,musel.png
MUSEL 9,Air Force 1st Helicopter Squadron,,musel.png
MUSEL 10,Air Force 1st Helicopter Squadron,,musel.png
MUSEL 11,Air Force 1st Helicopter Squadron,,musel.png
MUSEL 12,Air Force 1st Helicopter Squadron,,musel.png
MUSEL 13,Air Force 1st Helicopter Squadron,,musel.png
MUSEL 14,Air Force 1st Helicopter Squadron,,musel.png
MUSEL 15,Air Force 1st Helicopter Squadron,,musel.png
MUSEL 16,Air Force 1st Helicopter Squadron,,musel.png
MUSEL 17,Air Force 1st Helicopter Squadron,,musel.png
MUSEL 18,Air Force 1st Helicopter Squadron,,musel.png
MUSEL 19,Air Force 1st Helicopter Squadron,,musel.png
Mussel,Air Force 1st Helicopter Squadron,,musel.png
Mussel 01,Air Force 1st Helicopter Squadron,,musel.png
Mussel 02,Air Force 1st Helicopter Squadron,,musel.png
Mussel 03,Air Force 1st Helicopter Squadron,,musel.png
Mussel 04,Air Force 1st Helicopter Squadron,,musel.png
Mussel 05,Air Force 1st Helicopter Squadron,,musel.png
Mussel 06,Air Force 1st Helicopter Squadron,,musel.png
Mussel 07,Air Force 1st Helicopter Squadron,,musel.png
Mussel 08,Air Force 1st Helicopter Squadron,,musel.png
Mussel 09,Air Force 1st Helicopter Squadron,,musel.png
Mussel 1,Air Force 1st Helicopter Squadron,,musel.png
Mussel 2,Air Force 1st Helicopter Squadron,,musel.png
Mussel 3,Air Force 1st Helicopter Squadron,,musel.png
Mussel 4,Air Force 1st Helicopter Squadron,,musel.png
Mussel 5,Air Force 1st Helicopter Squadron,,musel.png
Mussel 6,Air Force 1st Helicopter Squadron,,musel.png
Mussel 7,Air Force 1st Helicopter Squadron,,musel.png
Mussel 8,Air Force 1st Helicopter Squadron,,musel.png
Mussel 9,Air Force 1st Helicopter Squadron,,musel.png
Mussel 10,Air Force 1st Helicopter Squadron,,musel.png
Mussel 11,Air Force 1st Helicopter Squadron,,musel.png
Mussel 12,Air Force 1st Helicopter Squadron,,musel.png
Mussel 13,Air Force 1st Helicopter Squadron,,musel.png
Mussel 14,Air Force 1st Helicopter Squadron,,musel.png
Mussel 15,Air Force 1st Helicopter Squadron,,musel.png
Mussel 16,Air Force 1st Helicopter Squadron,,musel.png
Mussel 17,Air Force 1st Helicopter Squadron,,musel.png
Mussel 18,Air Force 1st Helicopter Squadron,,musel.png
Mussel 19,Air Force 1st Helicopter Squadron,,musel.png
Blackjack,Coast Guard,,blackjack.png
Blackjack one,Coast Guard,,blackjack.png
Blackjack 1,Coast Guard,,blackjack.png
Blackjack 2,Coast Guard,,blackjack.png
Blackjack 3,Coast Guard,,blackjack.png
coast guard 6560,Coast Guard,,blackjack.png
Coast Guard,Coast Guard,,blackjack.png
rescue 6560,Coast Guard,,blackjack.png
PAT,Priority Air Transport,,pat.png
PAT 01,Priority Air Transport,,pat.png
PAT 02,Priority Air Transport,,pat.png
PAT 03,Priority Air Transport,,pat.png
PAT 04,Priority Air Transport,,pat.png
PAT 05,Priority Air Transport,,pat.png
PAT 06,Priority Air Transport,,pat.png
PAT 07,Priority Air Transport,,pat.png
PAT 08,Priority Air Transport,,pat.png
PAT 09,Priority Air Transport,,pat.png
PAT 1,Priority Air Transport,,pat.png
PAT 2,Priority Air Transport,,pat.png
PAT 3,Priority Air Transport,,pat.png
PAT 4,Priority Air Transport,,pat.png
PAT 5,Priority Air Transport,,pat.png
PAT 6,Priority Air Transport,,pat.png
PAT 7,Priority Air Transport,,pat.png
PAT 8,Priority Air Transport,,pat.png
PAT 9,Priority Air Transport,,pat.png
PAT 10,Priority Air Transport,,pat.png
PAT 11,Priority Air Transport,,pat.png
PAT 12,Priority Air Transport,,pat.png
PAT 13,Priority Air Transport,,pat.png
PAT 14,Priority Air Transport,,pat.png
PAT 15,Priority Air Transport,,pat.png
PAT 16,Priority Air Transport,,pat.png
PAT 17,Priority Air Transport,,pat.png
PAT 18,Priority Air Transport,,pat.png
PAT 19,Priority Air Transport,,pat.png
PAT 20,Priority Air Transport,,pat.png
PAT 21,Priority Air Transport,,pat.png
PAT 22,Priority Air Transport,,pat.png
PAT 23,Priority Air Transport,,pat.png
PAT 24,Priority Air Transport,,pat.png
PAT 25,Priority Air Transport,,pat.png
PAT 26,Priority Air Transport,,pat.png
PAT 27,Priority Air Transport,,pat.png
PAT 28,Priority Air Transport,,pat.png
Nighthawk,Presidential fleet,,nighthawk.png
Nighthawk 01,Presidential fleet,,nighthawk.png
Nighthawk 02,Presidential fleet,,nighthawk.png
Nighthawk 03,Presidential fleet,,nighthawk.png
Nighthawk 04,Presidential fleet,,nighthawk.png
Nighthawk 05,Presidential fleet,,nighthawk.png
Nighthawk 06,Presidential fleet,,nighthawk.png
Nighthawk 07,Presidential fleet,,nighthawk.png
Nighthawk 08,Presidential fleet,,nighthawk.png
Nighthawk 09,Presidential fleet,,nighthawk.png
Nighthawk 1,Presidential fleet,,nighthawk.png
Nighthawk 2,Presidential fleet,,nighthawk.png
Nighthawk 3,Presidential fleet,,nighthawk.png
Nighthawk 4,Presidential fleet,,nighthawk.png
Nighthawk 5,Presidential fleet,,nighthawk.png
Nighthawk 6,Presidential fleet,,nighthawk.png
Nighthawk 7,Presidential fleet,,nighthawk.png
Nighthawk 8,Presidential fleet,,nighthawk.png
Nighthawk 9,Presidential fleet,,nighthawk.png
Nighthawk 10,Presidential fleet,,nighthawk.png
Nighthawk 11,Presidential fleet,,nighthawk.png
Nighthawk 12,Presidential fleet,,nighthawk.png
Nighthawk 13,Presidential fleet,,nighthawk.png
Nighthawk 14,Presidential fleet,,nighthawk.png
Nighthawk 15,Presidential fleet,,nighthawk.png
Nighthawk 16,Presidential fleet,,nighthawk.png
Nighthawk 17,Presidential fleet,,nighthawk.png
Nighthawk 18,Presidential fleet,,nighthawk.png
Nighthawk 19,Presidential fleet,,nighthawk.png
Nighthawk 20,Presidential fleet,,nighthawk.png
Nighthawk 21,Presidential fleet,,nighthawk.png
Nighthawk 22,Presidential fleet,,nighthawk.png
Nighthawk 23,Presidential fleet,,nighthawk.png
Nighthawk 24,Presidential fleet,,nighthawk.png
Nighthawk 25,Presidential fleet,,nighthawk.png
Nighthawk 26,Presidential fleet,,nighthawk.png
Nighthawk 27,Presidential fleet,,nighthawk.png
Nighthawk 28,Presidential fleet,,nighthawk.png
Nighthawk 29,Presidential fleet,,nighthawk.png
Nighthawk 30,Presidential fleet,,nighthawk.png
Nighthawk 31,Presidential fleet,,nighthawk.png
Nighthawk 32,Presidential fleet,,nighthawk.png
Nighthawk 33,Presidential fleet,,nighthawk.png
Nighthawk 34,Presidential fleet,,nighthawk.png
Nighthawk 35,Presidential fleet,,nighthawk.png
Nighthawk 36,Presidential fleet,,nighthawk.png
Nighthawk 37,Presidential fleet,,nighthawk.png
Nighthawk 38,Presidential fleet,,nighthawk.png
Nighthawk 39,Presidential fleet,,nighthawk.png
Nighthawk 40,Presidential fleet,,nighthawk.png
Nighthawk 95,Presidential fleet,,nighthawk.png
Marine One,Presidential fleet,,nighthawk.png
Marine 1,Presidential fleet,,nighthawk.png
Marine Two,Vice Presidential flight,,nighthawk.png
Marine 2,Vice Presidential flight,,nighthawk.png
Medstar 1,Medstar Medevac,,medstar.png
Medstar 2,Medstar Medevac,,medstar.png
Medstar 3,Medstar Medevac,,medstar.png
Medstar 4,Medstar Medevac,,medstar.png
Medstar 5,Medstar Medevac,,medstar.png
Health Net 8,Health Net Helicopter,,healthnet.png
Eagle,Park Police helicopter,,eagle.png
Eagle one,Park Police helicopter,,eagle.png
Eagle two,Park Police helicopter,,eagle.png
Eagle three,Park Police helicopter,,eagle.png
Eagle 1,Park Police helicopter,,eagle.png
Eagle 2,Park Police helicopter,,eagle.png
Eagle 3,Park Police helicopter,,eagle.png
Falcon,MPDC helicopter,,falcon.png
Falcon one,MPDC helicopter,,falcon.png
Falcon two,MPDC helicopter,,falcon.png
Falcon 1,MPDC helicopter,,falcon.png
Falcon 2,MPDC helicopter,,falcon.png
Trooper,Maryland State Police helicopter,,trooper.png
Trooper one,Maryland State Police helicopter,,trooper.png
Trooper 1,Maryland State Police helicopter,,trooper.png
Trooper 2,Maryland State Police helicopter,,trooper.png
Trooper 3,Maryland State Police helicopter,,trooper.png
Trooper 4,Maryland State Police helicopter,,trooper.png
Trooper 5,Maryland State Police helicopter,,trooper.png
Trooper 6,Maryland State Police helicopter,,trooper.png
Trooper 7,Maryland State Police helicopter,,trooper.png
Fairfax 1, Fairfax County PD,,fairfax.png
Fairfax 2, Fairfax County PD,,fairfax.png
Guardian,PG County Police helicopter,,guardian.png
Guardian one,PG County Police helicopter,,guardian.png
Guardian 1,PG County Police helicopter,,guardian.png
Guardian 2,PG County Police helicopter,,guardian.png
Guardian 3,PG County Police helicopter,,guardian.png
Guardian 4,PG County Police helicopter,,guardian.png
Century 1,121st. Med. Co DC ArNG Davison AAF VA,,sentry.png
Century 2,121st. Med. Co DC ArNG Davison AAF VA,,sentry.png
Century 3,121st. Med. Co DC ArNG Davison AAF VA,,sentry.png
Century 4,121st. Med. Co DC ArNG Davison AAF VA,,sentry.png
Century 5,121st. Med. Co DC ArNG Davison AAF VA,,sentry.png
Century 6,121st. Med. Co DC ArNG Davison AAF VA,,sentry.png
Sentry,121st. Med. Co DC ArNG Davison AAF VA,,sentry.png
Sentry 1,121st. Med. Co DC ArNG Davison AAF VA,,sentry.png
Sentry 2,121st. Med. Co DC ArNG Davison AAF VA,,sentry.png
Sentry 3,121st. Med. Co DC ArNG Davison AAF VA,,sentry.png
Sentry 4,121st. Med. Co DC ArNG Davison AAF VA,,sentry.png
Sentry 5,121st. Med. Co DC ArNG Davison AAF VA,,sentry.png
Sentry 6,121st. Med. Co DC ArNG Davison AAF VA,,sentry.png
Sentry 7,121st. Med. Co DC ArNG Davison AAF VA,,sentry.png
Stat 10,Stat Medevac,,stat.png
Stat 18,Stat Medevac,,stat.png
Expresscare,Expresscare Medevac,,
Aircare,Aircare Medevac,,phiaircare.png
Aircare one,Aircare Medevac,,phiaircare.png
Aircare 1,Aircare Medevac,,phiaircare.png
Aircare 2,Aircare Medevac,,phiaircare.png
Aircare 3,Aircare Medevac,,phiaircare.png
Aircare 4,Aircare Medevac,,phiaircare.png
Aircare 5,Aircare Medevac,,phiaircare.png
Aircare 6,Aircare Medevac,,phiaircare.png
Healthnet 8,Healthnet Medevac,,
Troy,DHS helicopter,,troy.png
Troy 1,DHS helicopter,,troy.png
Troy 2,DHS helicopter,,troy.png
Troy 3,DHS helicopter,,troy.png
Troy 4,DHS helicopter,,troy.png
Troy 5,DHS helicopter,,troy.png
Troy 6,DHS helicopter,,troy.png
Troy 7,DHS helicopter,,troy.png
Troy 8,DHS helicopter,,troy.png
Troy 9,DHS helicopter,,troy.png
Troy 10,DHS helicopter,,troy.png
Troy 171,DHS helicopter,,troy.png
Troy 194,DHS S76 helicopter,,troy.png
Troy 195,DHS S76 helicopter,,troy.png
Troy 196,DHS S76 helicopter,,troy.png
Troy 200,DHS helicopter,,troy.png
Troy 205,DHS helicopter,,troy.png
Troy 214,DHS helicopter,,troy.png
Troy 215,DHS H60 helicopter,,troy.png
Troy 216,DHS H60 helicopter,,troy.png
Troy 217,DHS H60 helicopter,,troy.png
Troy 218,DHS AS350 helicopter,,troy.png
Troy 219,DHS AS350 helicopter,,troy.png
Troy 220,DHS AS350 helicopter #N180Q,,troy.png
Omaha,DHS helicopter,,troy.png
YETI,suspected FBI Helicopter,,yeti.png
YETI 157,suspected FBI Helicopter,,yeti.png
YETI 158,suspected FBI Helicopter,,yeti.png
YETI 164,suspected FBI Helicopter,,yeti.png
YETI 165,suspected FBI Black Hawk Helicopter,,yeti.png
YETI 166,suspected FBI Helicopter,,yeti.png
YETI 167,suspected FBI Helicopter,,yeti.png
YETI 168,suspected FBI Helicopter,,yeti.png
YETI 169,suspected FBI Helicopter,,yeti.png
YETI 170,suspected FBI Helicopter,,yeti.png
RAVEN,MD Air National Guard,,ANG.png
RAVEN 1,MD Air National Guard,,ANG.png
RAVEN 2,MD Air National Guard,,ANG.png
RAVEN 3,MD Air National Guard,,ANG.png
RAVEN 4,MD Air National Guard,,ANG.png
RAVEN 5,MD Air National Guard,,ANG.png
RAVEN 6,MD Air National Guard,,ANG.png
RAVEN 7,MD Air National Guard,,ANG.png
RAVEN 8,MD Air National Guard,,ANG.png
RAVEN 90,MD Air National Guard,,ANG.png
RAVEN 91,MD Air National Guard,,ANG.png
RAVEN 92,MD Air National Guard,,ANG.png
RAVEN 93, MD Air National Guard,,ANG.png
ANVIL,VA Air National Guard,,ANG.png
PIONEER,Navy Sea Hawk,,
PIONEER 525,Navy Sea Hawk,,
PEGASUS 1,University of Virginia Helicopter,,
PEGASUS,University of Virginia Helicopter,,
WATCHDOG,unknown,,
WATCHDOG 762,,,
WATCHDOG 777,unknown grey UH60,,
DOUBLEDOWN,Presidential fleet,,nighthawk.png
DOUBLE DOWN,Presidential fleet,,nighthawk.png
DOUBLEDOWN 177,Presidential fleet,,nighthawk.png
DOUBLE DOWN 177,Presidential fleet,,nighthawk.png
Power line 1,Suspected Power Inspection Helicopter,,
Powerline 1,Suspected Power Inspection Helicopter,,
DRAGO,USAF Demo/Ceremonial Flight Team,,
DRAGO 5,USAF Demo/Ceremonial Flight Team,,
DRAGO 51,USAF Demo/Ceremonial Flight Team,,
